{
  "DiscussionBoard": {
    "Chats": {
      "1bqtZ74OgPff2MNLgJZeV3Y3wvj1": {
        "6wVxe3ghrvYXOW80Q7phPyNOMHc2": {
          "date": 1664219256545,
          "lastMessage": "Hii",
          "message": {
            "-NCvBck6jhv3hDZBL5an": {
              "date": 1664219256545,
              "image": "no image",
              "message": "Hii",
              "pushId": "-NCvBck6jhv3hDZBL5an",
              "receiverId": "6wVxe3ghrvYXOW80Q7phPyNOMHc2",
              "type": "text",
              "userId": "1bqtZ74OgPff2MNLgJZeV3Y3wvj1"
            }
          }
        },
        "7LqoyfIiRLWyYK4MJqvx0gwSzaz2": {
          "date": 1664240693470,
          "lastMessage": "How r u",
          "message": {
            "-NCwRWKck2mmlXLHyBAt": {
              "date": 1664240197016,
              "image": "no image",
              "message": "Hii",
              "pushId": "-NCwRWKck2mmlXLHyBAt",
              "receiverId": "7LqoyfIiRLWyYK4MJqvx0gwSzaz2",
              "type": "text",
              "userId": "1bqtZ74OgPff2MNLgJZeV3Y3wvj1"
            },
            "-NCwTPXQY6G6TYXaoiA3": {
              "date": 1664240693470,
              "image": "no image",
              "message": "How r u",
              "pushId": "-NCwTPXQY6G6TYXaoiA3",
              "receiverId": "7LqoyfIiRLWyYK4MJqvx0gwSzaz2",
              "type": "text",
              "userId": "1bqtZ74OgPff2MNLgJZeV3Y3wvj1"
            }
          }
        },
        "Gkdupj0hMJYGvHJ3sDw38qeT7pI2": {
          "date": 1664269544774,
          "lastMessage": "Hello ",
          "message": {
            "-NCrfcnFvaUciAgT006B": {
              "date": 1664160273450,
              "image": "no image",
              "message": "Hii",
              "pushId": "-NCrfcnFvaUciAgT006B",
              "receiverId": "1bqtZ74OgPff2MNLgJZeV3Y3wvj1",
              "type": "text",
              "userId": "Gkdupj0hMJYGvHJ3sDw38qeT7pI2"
            },
            "-NCrfdaZfx2I0ozrP1yC": {
              "date": 1664160276734,
              "image": "no image",
              "message": "How r u",
              "pushId": "-NCrfdaZfx2I0ozrP1yC",
              "receiverId": "1bqtZ74OgPff2MNLgJZeV3Y3wvj1",
              "type": "text",
              "userId": "Gkdupj0hMJYGvHJ3sDw38qeT7pI2"
            },
            "-NCs62zdqh7-407RB3SV": {
              "date": 1664167462715,
              "image": "no image",
              "message": "Hi",
              "pushId": "-NCs62zdqh7-407RB3SV",
              "receiverId": "1bqtZ74OgPff2MNLgJZeV3Y3wvj1",
              "type": "text",
              "userId": "Gkdupj0hMJYGvHJ3sDw38qeT7pI2"
            },
            "-NCwTSDdonXF5ngXBnC6": {
              "date": 1664240704492,
              "image": "no image",
              "message": "Yes fine ",
              "pushId": "-NCwTSDdonXF5ngXBnC6",
              "receiverId": "Gkdupj0hMJYGvHJ3sDw38qeT7pI2",
              "type": "text",
              "userId": "1bqtZ74OgPff2MNLgJZeV3Y3wvj1"
            },
            "-NCwTTLOMgpXshkI7y6R": {
              "date": 1664240709084,
              "image": "no image",
              "message": "And u",
              "pushId": "-NCwTTLOMgpXshkI7y6R",
              "receiverId": "Gkdupj0hMJYGvHJ3sDw38qeT7pI2",
              "type": "text",
              "userId": "1bqtZ74OgPff2MNLgJZeV3Y3wvj1"
            },
            "-NCwUfIxohDB_bnQ_LZM": {
              "date": 1664241024304,
              "image": "no image",
              "message": "Helo",
              "pushId": "-NCwUfIxohDB_bnQ_LZM",
              "receiverId": "Gkdupj0hMJYGvHJ3sDw38qeT7pI2",
              "type": "text",
              "userId": "1bqtZ74OgPff2MNLgJZeV3Y3wvj1"
            },
            "-NCxvCQgdsk7O15JqoTF": {
              "date": 1664265016965,
              "image": "no image",
              "message": "Hio",
              "pushId": "-NCxvCQgdsk7O15JqoTF",
              "receiverId": "1bqtZ74OgPff2MNLgJZeV3Y3wvj1",
              "type": "text",
              "userId": "Gkdupj0hMJYGvHJ3sDw38qeT7pI2"
            },
            "-NCxvDGgF8Wuvzg098X1": {
              "date": 1664265020422,
              "image": "no image",
              "message": "How r u",
              "pushId": "-NCxvDGgF8Wuvzg098X1",
              "receiverId": "1bqtZ74OgPff2MNLgJZeV3Y3wvj1",
              "type": "text",
              "userId": "Gkdupj0hMJYGvHJ3sDw38qeT7pI2"
            },
            "-NCxvIKTl2sy0KDUJ9yW": {
              "date": 1664265041144,
              "image": "no image",
              "message": "Am fine",
              "pushId": "-NCxvIKTl2sy0KDUJ9yW",
              "receiverId": "1bqtZ74OgPff2MNLgJZeV3Y3wvj1",
              "type": "text",
              "userId": "Gkdupj0hMJYGvHJ3sDw38qeT7pI2"
            },
            "-NCyBTqzlQtoq5Liyf4n": {
              "date": 1664269544774,
              "image": "no image",
              "message": "Hello ",
              "pushId": "-NCyBTqzlQtoq5Liyf4n",
              "receiverId": "1bqtZ74OgPff2MNLgJZeV3Y3wvj1",
              "type": "text",
              "userId": "Gkdupj0hMJYGvHJ3sDw38qeT7pI2"
            }
          }
        },
        "Khaqhen8jmS6vKjc4SdG6upG5w32": {
          "date": 1664240814223,
          "lastMessage": "Help",
          "message": {
            "-NCrz6Dmf8RtukEjd4SI": {
              "date": 1664165379247,
              "image": "no image",
              "message": "Hii",
              "pushId": "-NCrz6Dmf8RtukEjd4SI",
              "receiverId": "1bqtZ74OgPff2MNLgJZeV3Y3wvj1",
              "type": "text",
              "userId": "Khaqhen8jmS6vKjc4SdG6upG5w32"
            },
            "-NCwTpaHQtXgBOvmAYfx": {
              "date": 1664240804305,
              "image": "no image",
              "message": "Hii",
              "pushId": "-NCwTpaHQtXgBOvmAYfx",
              "receiverId": "Khaqhen8jmS6vKjc4SdG6upG5w32",
              "type": "text",
              "userId": "1bqtZ74OgPff2MNLgJZeV3Y3wvj1"
            },
            "-NCwTs0FKnW3AQ4d_TrW": {
              "date": 1664240814223,
              "image": "no image",
              "message": "Help",
              "pushId": "-NCwTs0FKnW3AQ4d_TrW",
              "receiverId": "Khaqhen8jmS6vKjc4SdG6upG5w32",
              "type": "text",
              "userId": "1bqtZ74OgPff2MNLgJZeV3Y3wvj1"
            }
          }
        },
        "UctnBg0kusPufZdioYMSCAXExlX2": {
          "date": 1664953964890,
          "lastMessage": "Hi",
          "message": {
            "-NCw_LijLpRo5wqnzj_l": {
              "date": 1664242512883,
              "image": "no image",
              "message": "Hii",
              "pushId": "-NCw_LijLpRo5wqnzj_l",
              "receiverId": "1bqtZ74OgPff2MNLgJZeV3Y3wvj1",
              "type": "text",
              "userId": "UctnBg0kusPufZdioYMSCAXExlX2"
            },
            "-NDazKUEZcvKlZq-cI7a": {
              "date": 1664953964890,
              "image": "no image",
              "message": "Hi",
              "pushId": "-NDazKUEZcvKlZq-cI7a",
              "receiverId": "1bqtZ74OgPff2MNLgJZeV3Y3wvj1",
              "type": "text",
              "userId": "UctnBg0kusPufZdioYMSCAXExlX2"
            }
          }
        },
        "d6bhJs8yNPPHQw8LB1AlZhL43Xp1": {
          "date": 1664240683007,
          "lastMessage": "Hello",
          "message": {
            "-NCvBYjnoX8ggyg5C-XU": {
              "date": 1664219235288,
              "image": "no image",
              "message": "Hii",
              "pushId": "-NCvBYjnoX8ggyg5C-XU",
              "receiverId": "d6bhJs8yNPPHQw8LB1AlZhL43Xp1",
              "type": "text",
              "userId": "1bqtZ74OgPff2MNLgJZeV3Y3wvj1"
            },
            "-NCvBbHOWM5lIJweBOR0": {
              "date": 1664219250547,
              "image": "no image",
              "message": "Hii",
              "pushId": "-NCvBbHOWM5lIJweBOR0",
              "receiverId": "d6bhJs8yNPPHQw8LB1AlZhL43Xp1",
              "type": "text",
              "userId": "1bqtZ74OgPff2MNLgJZeV3Y3wvj1"
            },
            "-NCwTLVJUuuh7KNikLpi": {
              "date": 1664240676951,
              "image": "no image",
              "message": "Hii",
              "pushId": "-NCwTLVJUuuh7KNikLpi",
              "receiverId": "d6bhJs8yNPPHQw8LB1AlZhL43Xp1",
              "type": "text",
              "userId": "1bqtZ74OgPff2MNLgJZeV3Y3wvj1"
            },
            "-NCwTMywPLUFFRtqP7Av": {
              "date": 1664240683007,
              "image": "no image",
              "message": "Hello",
              "pushId": "-NCwTMywPLUFFRtqP7Av",
              "receiverId": "d6bhJs8yNPPHQw8LB1AlZhL43Xp1",
              "type": "text",
              "userId": "1bqtZ74OgPff2MNLgJZeV3Y3wvj1"
            }
          }
        }
      },
      "6wVxe3ghrvYXOW80Q7phPyNOMHc2": {
        "1bqtZ74OgPff2MNLgJZeV3Y3wvj1": {
          "date": 1664219256545,
          "lastMessage": "Hii",
          "message": {
            "-NCvBck6jhv3hDZBL5an": {
              "date": 1664219256545,
              "image": "no image",
              "message": "Hii",
              "pushId": "-NCvBck6jhv3hDZBL5an",
              "receiverId": "6wVxe3ghrvYXOW80Q7phPyNOMHc2",
              "type": "text",
              "userId": "1bqtZ74OgPff2MNLgJZeV3Y3wvj1"
            }
          }
        },
        "UctnBg0kusPufZdioYMSCAXExlX2": {
          "message": {
            "-NCtY_wGIIZ4pDOrv8e3": {
              "date": 1664191715887,
              "image": "no image",
              "message": "Bbsjzhs",
              "pushId": "-NCtY_wGIIZ4pDOrv8e3",
              "receiverId": "UctnBg0kusPufZdioYMSCAXExlX2",
              "type": "text",
              "userId": "6wVxe3ghrvYXOW80Q7phPyNOMHc2"
            }
          }
        },
        "d6bhJs8yNPPHQw8LB1AlZhL43Xp1": {
          "date": 1664266902002,
          "lastMessage": "baby",
          "message": {
            "-NCtYexhVPDJ77zhEN39": {
              "date": 1664191736381,
              "image": "no image",
              "message": "hshzhzhsjd",
              "pushId": "-NCtYexhVPDJ77zhEN39",
              "receiverId": "d6bhJs8yNPPHQw8LB1AlZhL43Xp1",
              "type": "text",
              "userId": "6wVxe3ghrvYXOW80Q7phPyNOMHc2"
            },
            "-NCy1NNXgA5DLYWFjCEQ": {
              "date": 1664266896252,
              "image": "no image",
              "message": "hii",
              "pushId": "-NCy1NNXgA5DLYWFjCEQ",
              "receiverId": "6wVxe3ghrvYXOW80Q7phPyNOMHc2",
              "type": "text",
              "userId": "d6bhJs8yNPPHQw8LB1AlZhL43Xp1"
            },
            "-NCy1OmNTf0gLk_b-5ix": {
              "date": 1664266902002,
              "image": "no image",
              "message": "baby",
              "pushId": "-NCy1OmNTf0gLk_b-5ix",
              "receiverId": "6wVxe3ghrvYXOW80Q7phPyNOMHc2",
              "type": "text",
              "userId": "d6bhJs8yNPPHQw8LB1AlZhL43Xp1"
            }
          }
        }
      },
      "7LqoyfIiRLWyYK4MJqvx0gwSzaz2": {
        "1bqtZ74OgPff2MNLgJZeV3Y3wvj1": {
          "date": 1664240693470,
          "lastMessage": "How r u",
          "message": {
            "-NCwRWKck2mmlXLHyBAt": {
              "date": 1664240197016,
              "image": "no image",
              "message": "Hii",
              "pushId": "-NCwRWKck2mmlXLHyBAt",
              "receiverId": "7LqoyfIiRLWyYK4MJqvx0gwSzaz2",
              "type": "text",
              "userId": "1bqtZ74OgPff2MNLgJZeV3Y3wvj1"
            },
            "-NCwTPXQY6G6TYXaoiA3": {
              "date": 1664240693470,
              "image": "no image",
              "message": "How r u",
              "pushId": "-NCwTPXQY6G6TYXaoiA3",
              "receiverId": "7LqoyfIiRLWyYK4MJqvx0gwSzaz2",
              "type": "text",
              "userId": "1bqtZ74OgPff2MNLgJZeV3Y3wvj1"
            }
          }
        },
        "Khaqhen8jmS6vKjc4SdG6upG5w32": {
          "date": 1664243358526,
          "lastMessage": "Hiii",
          "message": {
            "-NCwc_ArDAXLtchboqdm": {
              "date": 1664243358526,
              "image": "no image",
              "message": "Hiii",
              "pushId": "-NCwc_ArDAXLtchboqdm",
              "receiverId": "7LqoyfIiRLWyYK4MJqvx0gwSzaz2",
              "type": "text",
              "userId": "Khaqhen8jmS6vKjc4SdG6upG5w32"
            }
          }
        },
        "UctnBg0kusPufZdioYMSCAXExlX2": {
          "date": 1664192701270,
          "lastMessage": "Hii",
          "message": {
            "-NCtbGKiAqWWNTEqk-Xl": {
              "date": 1664192683197,
              "image": "no image",
              "message": "Hii",
              "pushId": "-NCtbGKiAqWWNTEqk-Xl",
              "receiverId": "UctnBg0kusPufZdioYMSCAXExlX2",
              "type": "text",
              "userId": "7LqoyfIiRLWyYK4MJqvx0gwSzaz2"
            },
            "-NCtbKk2eRLjLWSuH5YX": {
              "date": 1664192701270,
              "image": "no image",
              "message": "Hii",
              "pushId": "-NCtbKk2eRLjLWSuH5YX",
              "receiverId": "UctnBg0kusPufZdioYMSCAXExlX2",
              "type": "text",
              "userId": "7LqoyfIiRLWyYK4MJqvx0gwSzaz2"
            }
          }
        }
      },
      "AeOvWs7rpia8bbdGr6t4DTqHAPy1": {
        "Khaqhen8jmS6vKjc4SdG6upG5w32": {
          "date": 1664165391799,
          "lastMessage": "How r u",
          "message": {
            "-NCrz9HtMeO0tAMnr3vW": {
              "date": 1664165391799,
              "image": "no image",
              "message": "How r u",
              "pushId": "-NCrz9HtMeO0tAMnr3vW",
              "receiverId": "AeOvWs7rpia8bbdGr6t4DTqHAPy1",
              "type": "text",
              "userId": "Khaqhen8jmS6vKjc4SdG6upG5w32"
            }
          }
        }
      },
      "Gkdupj0hMJYGvHJ3sDw38qeT7pI2": {
        "1bqtZ74OgPff2MNLgJZeV3Y3wvj1": {
          "date": 1664269544774,
          "lastMessage": "Hello ",
          "message": {
            "-NCrfcnFvaUciAgT006B": {
              "date": 1664160273450,
              "image": "no image",
              "message": "Hii",
              "pushId": "-NCrfcnFvaUciAgT006B",
              "receiverId": "1bqtZ74OgPff2MNLgJZeV3Y3wvj1",
              "type": "text",
              "userId": "Gkdupj0hMJYGvHJ3sDw38qeT7pI2"
            },
            "-NCrfdaZfx2I0ozrP1yC": {
              "date": 1664160276734,
              "image": "no image",
              "message": "How r u",
              "pushId": "-NCrfdaZfx2I0ozrP1yC",
              "receiverId": "1bqtZ74OgPff2MNLgJZeV3Y3wvj1",
              "type": "text",
              "userId": "Gkdupj0hMJYGvHJ3sDw38qeT7pI2"
            },
            "-NCs62zdqh7-407RB3SV": {
              "date": 1664167462715,
              "image": "no image",
              "message": "Hi",
              "pushId": "-NCs62zdqh7-407RB3SV",
              "receiverId": "1bqtZ74OgPff2MNLgJZeV3Y3wvj1",
              "type": "text",
              "userId": "Gkdupj0hMJYGvHJ3sDw38qeT7pI2"
            },
            "-NCwTSDdonXF5ngXBnC6": {
              "date": 1664240704492,
              "image": "no image",
              "message": "Yes fine ",
              "pushId": "-NCwTSDdonXF5ngXBnC6",
              "receiverId": "Gkdupj0hMJYGvHJ3sDw38qeT7pI2",
              "type": "text",
              "userId": "1bqtZ74OgPff2MNLgJZeV3Y3wvj1"
            },
            "-NCwTTLOMgpXshkI7y6R": {
              "date": 1664240709084,
              "image": "no image",
              "message": "And u",
              "pushId": "-NCwTTLOMgpXshkI7y6R",
              "receiverId": "Gkdupj0hMJYGvHJ3sDw38qeT7pI2",
              "type": "text",
              "userId": "1bqtZ74OgPff2MNLgJZeV3Y3wvj1"
            },
            "-NCwUfIxohDB_bnQ_LZM": {
              "date": 1664241024304,
              "image": "no image",
              "message": "Helo",
              "pushId": "-NCwUfIxohDB_bnQ_LZM",
              "receiverId": "Gkdupj0hMJYGvHJ3sDw38qeT7pI2",
              "type": "text",
              "userId": "1bqtZ74OgPff2MNLgJZeV3Y3wvj1"
            },
            "-NCxvCQgdsk7O15JqoTF": {
              "date": 1664265016965,
              "image": "no image",
              "message": "Hio",
              "pushId": "-NCxvCQgdsk7O15JqoTF",
              "receiverId": "1bqtZ74OgPff2MNLgJZeV3Y3wvj1",
              "type": "text",
              "userId": "Gkdupj0hMJYGvHJ3sDw38qeT7pI2"
            },
            "-NCxvDGgF8Wuvzg098X1": {
              "date": 1664265020422,
              "image": "no image",
              "message": "How r u",
              "pushId": "-NCxvDGgF8Wuvzg098X1",
              "receiverId": "1bqtZ74OgPff2MNLgJZeV3Y3wvj1",
              "type": "text",
              "userId": "Gkdupj0hMJYGvHJ3sDw38qeT7pI2"
            },
            "-NCxvIKTl2sy0KDUJ9yW": {
              "date": 1664265041144,
              "image": "no image",
              "message": "Am fine",
              "pushId": "-NCxvIKTl2sy0KDUJ9yW",
              "receiverId": "1bqtZ74OgPff2MNLgJZeV3Y3wvj1",
              "type": "text",
              "userId": "Gkdupj0hMJYGvHJ3sDw38qeT7pI2"
            },
            "-NCyBTqzlQtoq5Liyf4n": {
              "date": 1664269544774,
              "image": "no image",
              "message": "Hello ",
              "pushId": "-NCyBTqzlQtoq5Liyf4n",
              "receiverId": "1bqtZ74OgPff2MNLgJZeV3Y3wvj1",
              "type": "text",
              "userId": "Gkdupj0hMJYGvHJ3sDw38qeT7pI2"
            }
          }
        },
        "Khaqhen8jmS6vKjc4SdG6upG5w32": {
          "date": 1664269538404,
          "lastMessage": "Hi",
          "message": {
            "-NCrzp3dpSRlhoKZX9uS": {
              "date": 1664165566605,
              "image": "no image",
              "message": "Hello dear ",
              "pushId": "-NCrzp3dpSRlhoKZX9uS",
              "receiverId": "Gkdupj0hMJYGvHJ3sDw38qeT7pI2",
              "type": "text",
              "userId": "Khaqhen8jmS6vKjc4SdG6upG5w32"
            },
            "-NCy1YHgpH00esb1DsQY": {
              "date": 1664266941569,
              "image": "no image",
              "message": "#@@@#'\"***##@(($+÷π$",
              "pushId": "-NCy1YHgpH00esb1DsQY",
              "receiverId": "Khaqhen8jmS6vKjc4SdG6upG5w32",
              "type": "text",
              "userId": "Gkdupj0hMJYGvHJ3sDw38qeT7pI2"
            },
            "-NCyBSITMYh3Y1LrF-gt": {
              "date": 1664269538404,
              "image": "no image",
              "message": "Hi",
              "pushId": "-NCyBSITMYh3Y1LrF-gt",
              "receiverId": "Khaqhen8jmS6vKjc4SdG6upG5w32",
              "type": "text",
              "userId": "Gkdupj0hMJYGvHJ3sDw38qeT7pI2"
            }
          }
        },
        "UctnBg0kusPufZdioYMSCAXExlX2": {
          "date": 1664160290576,
          "lastMessage": "Yes ",
          "message": {
            "-NCrfgyqTMrM4LnaGX9S": {
              "date": 1664160290576,
              "image": "no image",
              "message": "Yes ",
              "pushId": "-NCrfgyqTMrM4LnaGX9S",
              "receiverId": "UctnBg0kusPufZdioYMSCAXExlX2",
              "type": "text",
              "userId": "Gkdupj0hMJYGvHJ3sDw38qeT7pI2"
            },
            "-NDlnz2p3N2zzc__WDoA": {
              "date": 1665135538421,
              "image": "no image",
              "message": "How r u",
              "pushId": "-NDlnz2p3N2zzc__WDoA",
              "receiverId": "UctnBg0kusPufZdioYMSCAXExlX2",
              "type": "text",
              "userId": "Gkdupj0hMJYGvHJ3sDw38qeT7pI2"
            }
          }
        },
        "d6bhJs8yNPPHQw8LB1AlZhL43Xp1": {
          "date": 1664530931278,
          "lastMessage": "How r u",
          "message": {
            "-NCyI1ly8t1De6BGLura": {
              "date": 1664271264808,
              "image": "no image",
              "message": "Hii",
              "pushId": "-NCyI1ly8t1De6BGLura",
              "receiverId": "d6bhJs8yNPPHQw8LB1AlZhL43Xp1",
              "type": "text",
              "userId": "Gkdupj0hMJYGvHJ3sDw38qeT7pI2"
            },
            "-NDClZfiS1VWxJqy28Pq": {
              "date": 1664530927181,
              "image": "no image",
              "message": "Hello",
              "pushId": "-NDClZfiS1VWxJqy28Pq",
              "receiverId": "d6bhJs8yNPPHQw8LB1AlZhL43Xp1",
              "type": "text",
              "userId": "Gkdupj0hMJYGvHJ3sDw38qeT7pI2"
            },
            "-NDCl_fjRmsdywGgwF6T": {
              "date": 1664530931278,
              "image": "no image",
              "message": "How r u",
              "pushId": "-NDCl_fjRmsdywGgwF6T",
              "receiverId": "d6bhJs8yNPPHQw8LB1AlZhL43Xp1",
              "type": "text",
              "userId": "Gkdupj0hMJYGvHJ3sDw38qeT7pI2"
            }
          }
        }
      },
      "Khaqhen8jmS6vKjc4SdG6upG5w32": {
        "1bqtZ74OgPff2MNLgJZeV3Y3wvj1": {
          "date": 1664240814223,
          "lastMessage": "Help",
          "message": {
            "-NCrz6Dmf8RtukEjd4SI": {
              "date": 1664165379247,
              "image": "no image",
              "message": "Hii",
              "pushId": "-NCrz6Dmf8RtukEjd4SI",
              "receiverId": "1bqtZ74OgPff2MNLgJZeV3Y3wvj1",
              "type": "text",
              "userId": "Khaqhen8jmS6vKjc4SdG6upG5w32"
            },
            "-NCwTpaHQtXgBOvmAYfx": {
              "date": 1664240804305,
              "image": "no image",
              "message": "Hii",
              "pushId": "-NCwTpaHQtXgBOvmAYfx",
              "receiverId": "Khaqhen8jmS6vKjc4SdG6upG5w32",
              "type": "text",
              "userId": "1bqtZ74OgPff2MNLgJZeV3Y3wvj1"
            },
            "-NCwTs0FKnW3AQ4d_TrW": {
              "date": 1664240814223,
              "image": "no image",
              "message": "Help",
              "pushId": "-NCwTs0FKnW3AQ4d_TrW",
              "receiverId": "Khaqhen8jmS6vKjc4SdG6upG5w32",
              "type": "text",
              "userId": "1bqtZ74OgPff2MNLgJZeV3Y3wvj1"
            }
          }
        },
        "7LqoyfIiRLWyYK4MJqvx0gwSzaz2": {
          "date": 1664243358526,
          "lastMessage": "Hiii",
          "message": {
            "-NCwc_ArDAXLtchboqdm": {
              "date": 1664243358526,
              "image": "no image",
              "message": "Hiii",
              "pushId": "-NCwc_ArDAXLtchboqdm",
              "receiverId": "7LqoyfIiRLWyYK4MJqvx0gwSzaz2",
              "type": "text",
              "userId": "Khaqhen8jmS6vKjc4SdG6upG5w32"
            }
          }
        },
        "AeOvWs7rpia8bbdGr6t4DTqHAPy1": {
          "date": 1664165391799,
          "lastMessage": "How r u",
          "message": {
            "-NCryzClXjYuCA8604qj": {
              "date": 1664165346001,
              "image": "no image",
              "message": "Hii",
              "pushId": "-NCryzClXjYuCA8604qj",
              "receiverId": "AeOvWs7rpia8bbdGr6t4DTqHAPy1",
              "type": "text",
              "userId": "Khaqhen8jmS6vKjc4SdG6upG5w32"
            },
            "-NCrz9HtMeO0tAMnr3vW": {
              "date": 1664165391799,
              "image": "no image",
              "message": "How r u",
              "pushId": "-NCrz9HtMeO0tAMnr3vW",
              "receiverId": "AeOvWs7rpia8bbdGr6t4DTqHAPy1",
              "type": "text",
              "userId": "Khaqhen8jmS6vKjc4SdG6upG5w32"
            }
          }
        },
        "Gkdupj0hMJYGvHJ3sDw38qeT7pI2": {
          "date": 1664269538404,
          "lastMessage": "Hi",
          "message": {
            "-NCrzp3dpSRlhoKZX9uS": {
              "date": 1664165566605,
              "image": "no image",
              "message": "Hello dear ",
              "pushId": "-NCrzp3dpSRlhoKZX9uS",
              "receiverId": "Gkdupj0hMJYGvHJ3sDw38qeT7pI2",
              "type": "text",
              "userId": "Khaqhen8jmS6vKjc4SdG6upG5w32"
            },
            "-NCy1YHgpH00esb1DsQY": {
              "date": 1664266941569,
              "image": "no image",
              "message": "#@@@#'\"***##@(($+÷π$",
              "pushId": "-NCy1YHgpH00esb1DsQY",
              "receiverId": "Khaqhen8jmS6vKjc4SdG6upG5w32",
              "type": "text",
              "userId": "Gkdupj0hMJYGvHJ3sDw38qeT7pI2"
            },
            "-NCyBSITMYh3Y1LrF-gt": {
              "date": 1664269538404,
              "image": "no image",
              "message": "Hi",
              "pushId": "-NCyBSITMYh3Y1LrF-gt",
              "receiverId": "Khaqhen8jmS6vKjc4SdG6upG5w32",
              "type": "text",
              "userId": "Gkdupj0hMJYGvHJ3sDw38qeT7pI2"
            }
          }
        },
        "d6bhJs8yNPPHQw8LB1AlZhL43Xp1": {
          "date": 1664243573735,
          "lastMessage": "Hi",
          "message": {
            "-NCwdOib-e2lCEtjSKkP": {
              "date": 1664243573735,
              "image": "no image",
              "message": "Hi",
              "pushId": "-NCwdOib-e2lCEtjSKkP",
              "receiverId": "d6bhJs8yNPPHQw8LB1AlZhL43Xp1",
              "type": "text",
              "userId": "Khaqhen8jmS6vKjc4SdG6upG5w32"
            }
          }
        }
      },
      "UctnBg0kusPufZdioYMSCAXExlX2": {
        "1bqtZ74OgPff2MNLgJZeV3Y3wvj1": {
          "date": 1664953964890,
          "lastMessage": "Hi",
          "message": {
            "-NCw_LijLpRo5wqnzj_l": {
              "date": 1664242512883,
              "image": "no image",
              "message": "Hii",
              "pushId": "-NCw_LijLpRo5wqnzj_l",
              "receiverId": "1bqtZ74OgPff2MNLgJZeV3Y3wvj1",
              "type": "text",
              "userId": "UctnBg0kusPufZdioYMSCAXExlX2"
            },
            "-NDazKUEZcvKlZq-cI7a": {
              "date": 1664953964890,
              "image": "no image",
              "message": "Hi",
              "pushId": "-NDazKUEZcvKlZq-cI7a",
              "receiverId": "1bqtZ74OgPff2MNLgJZeV3Y3wvj1",
              "type": "text",
              "userId": "UctnBg0kusPufZdioYMSCAXExlX2"
            }
          }
        },
        "7LqoyfIiRLWyYK4MJqvx0gwSzaz2": {
          "date": 1664192701270,
          "lastMessage": "Hii",
          "message": {
            "-NCtbKk2eRLjLWSuH5YX": {
              "date": 1664192701270,
              "image": "no image",
              "message": "Hii",
              "pushId": "-NCtbKk2eRLjLWSuH5YX",
              "receiverId": "UctnBg0kusPufZdioYMSCAXExlX2",
              "type": "text",
              "userId": "7LqoyfIiRLWyYK4MJqvx0gwSzaz2"
            }
          }
        },
        "Gkdupj0hMJYGvHJ3sDw38qeT7pI2": {
          "date": 1664160290576,
          "lastMessage": "Yes ",
          "message": {
            "-NCrfgyqTMrM4LnaGX9S": {
              "date": 1664160290576,
              "image": "no image",
              "message": "Yes ",
              "pushId": "-NCrfgyqTMrM4LnaGX9S",
              "receiverId": "UctnBg0kusPufZdioYMSCAXExlX2",
              "type": "text",
              "userId": "Gkdupj0hMJYGvHJ3sDw38qeT7pI2"
            }
          }
        },
        "d6bhJs8yNPPHQw8LB1AlZhL43Xp1": {
          "date": 1664954161236,
          "lastMessage": "Good ",
          "message": {
            "-NCtYYs9NOmCPnspoMw6": {
              "date": 1664191708681,
              "image": "no image",
              "message": "hi ",
              "pushId": "-NCtYYs9NOmCPnspoMw6",
              "receiverId": "UctnBg0kusPufZdioYMSCAXExlX2",
              "type": "text",
              "userId": "d6bhJs8yNPPHQw8LB1AlZhL43Xp1"
            },
            "-NCtYaKZtOPdiH7NBBp7": {
              "date": 1664191717798,
              "image": "no image",
              "message": "approve  docs",
              "pushId": "-NCtYaKZtOPdiH7NBBp7",
              "receiverId": "UctnBg0kusPufZdioYMSCAXExlX2",
              "type": "text",
              "userId": "d6bhJs8yNPPHQw8LB1AlZhL43Xp1"
            },
            "-NCtYfRpP9e33C_WPhAj": {
              "date": 1664191738743,
              "image": "no image",
              "message": "7546788%#@@#%^&**97<><><><><><<%%$#@@+÷/<>>(??\"-@@•£◇♧♧¥♤《¤●○•○|□■♤♡》》》¤$^_/=#/<&;;&>7643$^",
              "pushId": "-NCtYfRpP9e33C_WPhAj",
              "receiverId": "UctnBg0kusPufZdioYMSCAXExlX2",
              "type": "text",
              "userId": "d6bhJs8yNPPHQw8LB1AlZhL43Xp1"
            },
            "-NCtYffrUUATFeOxgwdn": {
              "date": 1664191739705,
              "image": "no image",
              "message": "",
              "pushId": "-NCtYffrUUATFeOxgwdn",
              "receiverId": "UctnBg0kusPufZdioYMSCAXExlX2",
              "type": "text",
              "userId": "d6bhJs8yNPPHQw8LB1AlZhL43Xp1"
            },
            "-NDb-4Q8WrNffb_ilJAC": {
              "date": 1664954161236,
              "image": "no image",
              "message": "Good ",
              "pushId": "-NDb-4Q8WrNffb_ilJAC",
              "receiverId": "d6bhJs8yNPPHQw8LB1AlZhL43Xp1",
              "type": "text",
              "userId": "UctnBg0kusPufZdioYMSCAXExlX2"
            }
          }
        }
      },
      "d6bhJs8yNPPHQw8LB1AlZhL43Xp1": {
        "1bqtZ74OgPff2MNLgJZeV3Y3wvj1": {
          "date": 1664240683007,
          "lastMessage": "Hello",
          "message": {
            "-NCvBbHOWM5lIJweBOR0": {
              "date": 1664219250547,
              "image": "no image",
              "message": "Hii",
              "pushId": "-NCvBbHOWM5lIJweBOR0",
              "receiverId": "d6bhJs8yNPPHQw8LB1AlZhL43Xp1",
              "type": "text",
              "userId": "1bqtZ74OgPff2MNLgJZeV3Y3wvj1"
            },
            "-NCwTLVJUuuh7KNikLpi": {
              "date": 1664240676951,
              "image": "no image",
              "message": "Hii",
              "pushId": "-NCwTLVJUuuh7KNikLpi",
              "receiverId": "d6bhJs8yNPPHQw8LB1AlZhL43Xp1",
              "type": "text",
              "userId": "1bqtZ74OgPff2MNLgJZeV3Y3wvj1"
            },
            "-NCwTMywPLUFFRtqP7Av": {
              "date": 1664240683007,
              "image": "no image",
              "message": "Hello",
              "pushId": "-NCwTMywPLUFFRtqP7Av",
              "receiverId": "d6bhJs8yNPPHQw8LB1AlZhL43Xp1",
              "type": "text",
              "userId": "1bqtZ74OgPff2MNLgJZeV3Y3wvj1"
            }
          }
        },
        "6wVxe3ghrvYXOW80Q7phPyNOMHc2": {
          "date": 1664266902002,
          "lastMessage": "baby",
          "message": {
            "-NCtYexhVPDJ77zhEN39": {
              "date": 1664191736381,
              "image": "no image",
              "message": "hshzhzhsjd",
              "pushId": "-NCtYexhVPDJ77zhEN39",
              "receiverId": "d6bhJs8yNPPHQw8LB1AlZhL43Xp1",
              "type": "text",
              "userId": "6wVxe3ghrvYXOW80Q7phPyNOMHc2"
            },
            "-NCy1NNXgA5DLYWFjCEQ": {
              "date": 1664266896252,
              "image": "no image",
              "message": "hii",
              "pushId": "-NCy1NNXgA5DLYWFjCEQ",
              "receiverId": "6wVxe3ghrvYXOW80Q7phPyNOMHc2",
              "type": "text",
              "userId": "d6bhJs8yNPPHQw8LB1AlZhL43Xp1"
            },
            "-NCy1OmNTf0gLk_b-5ix": {
              "date": 1664266902002,
              "image": "no image",
              "message": "baby",
              "pushId": "-NCy1OmNTf0gLk_b-5ix",
              "receiverId": "6wVxe3ghrvYXOW80Q7phPyNOMHc2",
              "type": "text",
              "userId": "d6bhJs8yNPPHQw8LB1AlZhL43Xp1"
            }
          }
        },
        "Gkdupj0hMJYGvHJ3sDw38qeT7pI2": {
          "date": 1664530931278,
          "lastMessage": "How r u",
          "message": {
            "-NCyI1ly8t1De6BGLura": {
              "date": 1664271264808,
              "image": "no image",
              "message": "Hii",
              "pushId": "-NCyI1ly8t1De6BGLura",
              "receiverId": "d6bhJs8yNPPHQw8LB1AlZhL43Xp1",
              "type": "text",
              "userId": "Gkdupj0hMJYGvHJ3sDw38qeT7pI2"
            },
            "-NDClZfiS1VWxJqy28Pq": {
              "date": 1664530927181,
              "image": "no image",
              "message": "Hello",
              "pushId": "-NDClZfiS1VWxJqy28Pq",
              "receiverId": "d6bhJs8yNPPHQw8LB1AlZhL43Xp1",
              "type": "text",
              "userId": "Gkdupj0hMJYGvHJ3sDw38qeT7pI2"
            },
            "-NDCl_fjRmsdywGgwF6T": {
              "date": 1664530931278,
              "image": "no image",
              "message": "How r u",
              "pushId": "-NDCl_fjRmsdywGgwF6T",
              "receiverId": "d6bhJs8yNPPHQw8LB1AlZhL43Xp1",
              "type": "text",
              "userId": "Gkdupj0hMJYGvHJ3sDw38qeT7pI2"
            }
          }
        },
        "Khaqhen8jmS6vKjc4SdG6upG5w32": {
          "date": 1664243573735,
          "lastMessage": "Hi",
          "message": {
            "-NCwdOib-e2lCEtjSKkP": {
              "date": 1664243573735,
              "image": "no image",
              "message": "Hi",
              "pushId": "-NCwdOib-e2lCEtjSKkP",
              "receiverId": "d6bhJs8yNPPHQw8LB1AlZhL43Xp1",
              "type": "text",
              "userId": "Khaqhen8jmS6vKjc4SdG6upG5w32"
            }
          }
        },
        "UctnBg0kusPufZdioYMSCAXExlX2": {
          "date": 1664954161236,
          "lastMessage": "Good ",
          "message": {
            "-NCtYTsjaZ9tGpxoLaol": {
              "date": 1664191687235,
              "image": "no image",
              "message": "please approve my accounts",
              "pushId": "-NCtYTsjaZ9tGpxoLaol",
              "receiverId": "UctnBg0kusPufZdioYMSCAXExlX2",
              "type": "text",
              "userId": "d6bhJs8yNPPHQw8LB1AlZhL43Xp1"
            },
            "-NCtYYs9NOmCPnspoMw6": {
              "date": 1664191708681,
              "image": "no image",
              "message": "hi ",
              "pushId": "-NCtYYs9NOmCPnspoMw6",
              "receiverId": "UctnBg0kusPufZdioYMSCAXExlX2",
              "type": "text",
              "userId": "d6bhJs8yNPPHQw8LB1AlZhL43Xp1"
            },
            "-NCtYaKZtOPdiH7NBBp7": {
              "date": 1664191717798,
              "image": "no image",
              "message": "approve  docs",
              "pushId": "-NCtYaKZtOPdiH7NBBp7",
              "receiverId": "UctnBg0kusPufZdioYMSCAXExlX2",
              "type": "text",
              "userId": "d6bhJs8yNPPHQw8LB1AlZhL43Xp1"
            },
            "-NCtYfRpP9e33C_WPhAj": {
              "date": 1664191738743,
              "image": "no image",
              "message": "7546788%#@@#%^&**97<><><><><><<%%$#@@+÷/<>>(??\"-@@•£◇♧♧¥♤《¤●○•○|□■♤♡》》》¤$^_/=#/<&;;&>7643$^",
              "pushId": "-NCtYfRpP9e33C_WPhAj",
              "receiverId": "UctnBg0kusPufZdioYMSCAXExlX2",
              "type": "text",
              "userId": "d6bhJs8yNPPHQw8LB1AlZhL43Xp1"
            },
            "-NCtYffrUUATFeOxgwdn": {
              "date": 1664191739705,
              "image": "no image",
              "message": "7546788%#@@#%^&**97<><><><><><<%%$#@@+÷/<>>(??\"-@@•£◇♧♧¥♤《¤●○•○|□■♤♡》》》¤$^_/=#/<&;;&>7643$^",
              "pushId": "-NCtYffrUUATFeOxgwdn",
              "receiverId": "UctnBg0kusPufZdioYMSCAXExlX2",
              "type": "text",
              "userId": "d6bhJs8yNPPHQw8LB1AlZhL43Xp1"
            },
            "-NDb-4Q8WrNffb_ilJAC": {
              "date": 1664954161236,
              "image": "no image",
              "message": "Good ",
              "pushId": "-NDb-4Q8WrNffb_ilJAC",
              "receiverId": "d6bhJs8yNPPHQw8LB1AlZhL43Xp1",
              "type": "text",
              "userId": "UctnBg0kusPufZdioYMSCAXExlX2"
            }
          }
        }
      }
    }
  },
  "Feedback": {
    "-NCeiuUBCSpQuuEANXEz": {
      "date": 1663943027508,
      "message": "This is best app in Play Sotre,\n🥰\nExcellent idea🥰",
      "pushId": "-NCeiuUBCSpQuuEANXEz",
      "startRating": 5,
      "userClassOrSemester": "8th Semester",
      "userCollegeOrUniversityName": "GCUF",
      "userDepartment": "BSCS",
      "userId": "1bqtZ74OgPff2MNLgJZeV3Y3wvj1"
    },
    "-NCenPkcveZPmLW-NoDq": {
      "date": 1663944208321,
      "message": "This is excellent idea of this app🥰, Thanks for this services ",
      "pushId": "-NCenPkcveZPmLW-NoDq",
      "startRating": 4.5,
      "userClassOrSemester": "8th Semester",
      "userCollegeOrUniversityName": "GCUF",
      "userDepartment": "BSCS",
      "userId": "1bqtZ74OgPff2MNLgJZeV3Y3wvj1"
    },
    "-NCf-5lYkvKYPUomGcfp": {
      "date": 1663947534302,
      "message": "This app is for Collage and Univert student to search and view study related content.🥰",
      "pushId": "-NCf-5lYkvKYPUomGcfp",
      "startRating": 5,
      "userClassOrSemester": "8th Semester",
      "userCollegeOrUniversityName": "GCUF",
      "userDepartment": "BSCS",
      "userId": "Gkdupj0hMJYGvHJ3sDw38qeT7pI2"
    },
    "-NCoNl7Tq6b-XuSo7IXB": {
      "date": 1664104994963,
      "message": "Hello dear!\nThis is excellent app for College and University student .\nThanks for this services.🥰",
      "pushId": "-NCoNl7Tq6b-XuSo7IXB",
      "startRating": 3.5,
      "userClassOrSemester": "8th Semester",
      "userCollegeOrUniversityName": "GCUF",
      "userDepartment": "BSCS",
      "userId": "UctnBg0kusPufZdioYMSCAXExlX2"
    },
    "-NCtTu48ejn3MdlAF9aT": {
      "date": 1664190487628,
      "message": "I love E-Meta application and I am recommending of all other students that must use this application for study!",
      "pushId": "-NCtTu48ejn3MdlAF9aT",
      "startRating": 5,
      "userClassOrSemester": "8th Semester",
      "userCollegeOrUniversityName": "GCUF",
      "userDepartment": "BSCS",
      "userId": "6wVxe3ghrvYXOW80Q7phPyNOMHc2"
    }
  },
  "Notifications": {
    "-NDv2t5B0Jpn3V_nqxDF": {
      "approveUserId": "Khaqhen8jmS6vKjc4SdG6upG5w32",
      "check": false,
      "date": 1665290702791,
      "department": "BSCS",
      "fileId": "-NDv-VQv8emrVyyEan1p",
      "fileName": "BS Islamic Studies.pdf",
      "pushId": "-NDv2t5B0Jpn3V_nqxDF",
      "semester": "8th Semester",
      "type": "Quiz",
      "university": "GCUF",
      "userId": "Gkdupj0hMJYGvHJ3sDw38qeT7pI2"
    },
    "-NDv6sXFJayFck-sMffm": {
      "approveUserId": "UctnBg0kusPufZdioYMSCAXExlX2",
      "check": false,
      "date": 1665291748924,
      "department": "BSCS",
      "fileId": "-NDv6kgm82pDiwghDzmp",
      "fileName": "roll_slip (1).pdf",
      "pushId": "-NDv6sXFJayFck-sMffm",
      "semester": "8th Semester",
      "type": "Notes",
      "university": "GCUF",
      "userId": "Gkdupj0hMJYGvHJ3sDw38qeT7pI2"
    },
    "-NDvFIYxTGcHcjZ9kDQ4": {
      "approveUserId": "Khaqhen8jmS6vKjc4SdG6upG5w32",
      "check": false,
      "date": 1665293956810,
      "department": "BSCS",
      "fileId": "-NDvFBKCeugs9M9O-oOG",
      "fileName": "BS Islamic Studies.pdf",
      "pushId": "-NDvFIYxTGcHcjZ9kDQ4",
      "semester": "8th Semester",
      "type": "Quiz",
      "university": "GCUF",
      "userId": "UctnBg0kusPufZdioYMSCAXExlX2"
    }
  },
  "StudyMaterial": {
    "Assignments": {
      "Private": {
        "Gkdupj0hMJYGvHJ3sDw38qeT7pI2": {
          "-NDv-pAy2zm-VM3KLIxX": {
            "date": 1665289902962,
            "fileName": "BS Islamic Studies.pdf",
            "fileTitle": "Assignment ",
            "fileUrl": "https://firebasestorage.googleapis.com/v0/b/helpingapp-d7dce.appspot.com/o/StudyMaterial%2FAssignments%2FBS%20Islamic%20Studies.pdf1665289902962?alt=media&token=cdc90635-1b9e-433e-aef1-4c0690d76157",
            "pushId": "-NDv-pAy2zm-VM3KLIxX",
            "status": "Publish",
            "subjectName": "Functional Arabic",
            "userClassOrSemester": "8th Semester",
            "userCollegeOrUniversityName": "GCUF",
            "userDepartment": "BSCS",
            "userId": "Gkdupj0hMJYGvHJ3sDw38qeT7pI2"
          }
        }
      },
      "Public": {
        "-NDv-aeIuocc21-HSvF6": {
          "date": 1665289843463,
          "fileName": "BS Islamic Studies.pdf",
          "fileTitle": "Assignment ",
          "fileUrl": "https://firebasestorage.googleapis.com/v0/b/helpingapp-d7dce.appspot.com/o/StudyMaterial%2FAssignments%2FBS%20Islamic%20Studies.pdf1665289843463?alt=media&token=77231fea-5c7b-4040-8446-bfb4859111ae",
          "pushId": "-NDv-aeIuocc21-HSvF6",
          "status": "Pending",
          "subjectName": "Functional Arabic",
          "userClassOrSemester": "8th Semester",
          "userCollegeOrUniversityName": "GCUF",
          "userDepartment": "BSCS",
          "userId": "Gkdupj0hMJYGvHJ3sDw38qeT7pI2"
        }
      }
    },
    "Notes": {
      "Private": {
        "Gkdupj0hMJYGvHJ3sDw38qeT7pI2": {
          "-NDuw2jdLbJyb-kf-Rm4": {
            "date": 1665288652027,
            "fileName": "BS Islamic Studies.pdf",
            "fileTitle": "Notes ",
            "fileUrl": "https://firebasestorage.googleapis.com/v0/b/helpingapp-d7dce.appspot.com/o/StudyMaterial%2FNotes%2FBS%20Islamic%20Studies.pdf1665288652027?alt=media&token=6937632b-a501-43b1-88a8-3e922a90f28c",
            "pushId": "-NDuw2jdLbJyb-kf-Rm4",
            "status": "Publish",
            "subjectName": "Functional Arabic",
            "userClassOrSemester": "8th Semester",
            "userCollegeOrUniversityName": "GCUF",
            "userDepartment": "BSCS",
            "userId": "Gkdupj0hMJYGvHJ3sDw38qeT7pI2"
          }
        }
      },
      "Public": {
        "-NDuwN-U4VlxkXxYvMdv": {
          "date": 1665288735025,
          "fileName": "BS Islamic Studies.pdf",
          "fileTitle": "Notes ",
          "fileUrl": "https://firebasestorage.googleapis.com/v0/b/helpingapp-d7dce.appspot.com/o/StudyMaterial%2FNotes%2FBS%20Islamic%20Studies.pdf1665288735025?alt=media&token=564de09b-0968-422f-a05b-e87960b68f5d",
          "pushId": "-NDuwN-U4VlxkXxYvMdv",
          "status": "Publish",
          "subjectName": "Functional Arabic",
          "userClassOrSemester": "8th Semester",
          "userCollegeOrUniversityName": "GCUF",
          "userDepartment": "BSCS",
          "userId": "Gkdupj0hMJYGvHJ3sDw38qeT7pI2"
        },
        "-NDv6kgm82pDiwghDzmp": {
          "date": 1665291716829,
          "fileName": "roll_slip (1).pdf",
          "fileTitle": "Slip",
          "fileUrl": "https://firebasestorage.googleapis.com/v0/b/helpingapp-d7dce.appspot.com/o/StudyMaterial%2FNotes%2Froll_slip%20(1).pdf1665291716829?alt=media&token=0ad8d56b-84d6-458a-bea8-7714929a2db8",
          "pushId": "-NDv6kgm82pDiwghDzmp",
          "status": "Publish",
          "subjectName": "Functional Arabic",
          "userClassOrSemester": "8th Semester",
          "userCollegeOrUniversityName": "GCUF",
          "userDepartment": "BSCS",
          "userId": "Gkdupj0hMJYGvHJ3sDw38qeT7pI2"
        }
      }
    },
    "PastPapers": {
      "Private": {
        "Gkdupj0hMJYGvHJ3sDw38qeT7pI2": {
          "-NDv-wBnEPbYTxUsipqp": {
            "date": 1665289931687,
            "fileName": "BS Islamic Studies.pdf",
            "fileTitle": "Past paper ",
            "fileUrl": "https://firebasestorage.googleapis.com/v0/b/helpingapp-d7dce.appspot.com/o/StudyMaterial%2FPastPapers%2FBS%20Islamic%20Studies.pdf1665289931687?alt=media&token=67825f10-6b66-4a73-bae7-5b7d42a2fc94",
            "pushId": "-NDv-wBnEPbYTxUsipqp",
            "status": "Publish",
            "subjectName": "Functional Arabic",
            "userClassOrSemester": "8th Semester",
            "userCollegeOrUniversityName": "GCUF",
            "userDepartment": "BSCS",
            "userId": "Gkdupj0hMJYGvHJ3sDw38qeT7pI2"
          }
        }
      },
      "Public": {
        "-NDv-P-9qDRDRiQhxH6M": {
          "date": 1665289791614,
          "fileName": "BS Islamic Studies.pdf",
          "fileTitle": "Asssignemnt",
          "fileUrl": "https://firebasestorage.googleapis.com/v0/b/helpingapp-d7dce.appspot.com/o/StudyMaterial%2FPastPapers%2FBS%20Islamic%20Studies.pdf1665289791614?alt=media&token=eb97bd04-9af8-4072-a92e-d120d229504b",
          "pushId": "-NDv-P-9qDRDRiQhxH6M",
          "status": "Publish",
          "subjectName": "Functional Arabic",
          "userClassOrSemester": "8th Semester",
          "userCollegeOrUniversityName": "GCUF",
          "userDepartment": "BSCS",
          "userId": "Gkdupj0hMJYGvHJ3sDw38qeT7pI2"
        },
        "-NDv8Afwtzp8tFMeCRD4": {
          "date": 1665292089511,
          "fileName": "BS Islamic Studies.pdf",
          "fileTitle": "Past paper ",
          "fileUrl": "https://firebasestorage.googleapis.com/v0/b/helpingapp-d7dce.appspot.com/o/StudyMaterial%2FPastPapers%2FBS%20Islamic%20Studies.pdf1665292089511?alt=media&token=68951611-f258-4526-8f5f-72c54925bf50",
          "pushId": "-NDv8Afwtzp8tFMeCRD4",
          "status": "Publish",
          "subjectName": "Functional Arabic",
          "userClassOrSemester": "8th Semester",
          "userCollegeOrUniversityName": "GCUF",
          "userDepartment": "BSCS",
          "userId": "UctnBg0kusPufZdioYMSCAXExlX2"
        }
      }
    },
    "Quizzes": {
      "Private": {
        "Gkdupj0hMJYGvHJ3sDw38qeT7pI2": {
          "-NDv-isDfx5BjOVXfnnG": {
            "date": 1665289877122,
            "fileName": "BS Islamic Studies.pdf",
            "fileTitle": "Quiz ",
            "fileUrl": "https://firebasestorage.googleapis.com/v0/b/helpingapp-d7dce.appspot.com/o/StudyMaterial%2FQuizzes%2FBS%20Islamic%20Studies.pdf1665289877122?alt=media&token=eede9ad5-60b5-42eb-aedb-70acd7ca2161",
            "pushId": "-NDv-isDfx5BjOVXfnnG",
            "status": "Publish",
            "subjectName": "Functional Arabic",
            "userClassOrSemester": "8th Semester",
            "userCollegeOrUniversityName": "GCUF",
            "userDepartment": "BSCS",
            "userId": "Gkdupj0hMJYGvHJ3sDw38qeT7pI2"
          }
        }
      },
      "Public": {
        "-NDv-VQv8emrVyyEan1p": {
          "date": 1665289817967,
          "fileName": "BS Islamic Studies.pdf",
          "fileTitle": "Quiz",
          "fileUrl": "https://firebasestorage.googleapis.com/v0/b/helpingapp-d7dce.appspot.com/o/StudyMaterial%2FQuizzes%2FBS%20Islamic%20Studies.pdf1665289817967?alt=media&token=f9d77e27-792d-48f3-a373-2a5d9250d54f",
          "pushId": "-NDv-VQv8emrVyyEan1p",
          "status": "Publish",
          "subjectName": "Functional Arabic",
          "userClassOrSemester": "8th Semester",
          "userCollegeOrUniversityName": "GCUF",
          "userDepartment": "BSCS",
          "userId": "Gkdupj0hMJYGvHJ3sDw38qeT7pI2"
        },
        "-NDvFBKCeugs9M9O-oOG": {
          "date": 1665293927859,
          "fileName": "BS Islamic Studies.pdf",
          "fileTitle": "Quiz",
          "fileUrl": "https://firebasestorage.googleapis.com/v0/b/helpingapp-d7dce.appspot.com/o/StudyMaterial%2FQuizzes%2FBS%20Islamic%20Studies.pdf1665293927859?alt=media&token=273c9135-bb89-4618-814a-460da68c8ed2",
          "pushId": "-NDvFBKCeugs9M9O-oOG",
          "status": "Publish",
          "subjectName": "Functional Arabic",
          "userClassOrSemester": "8th Semester",
          "userCollegeOrUniversityName": "GCUF",
          "userDepartment": "BSCS",
          "userId": "UctnBg0kusPufZdioYMSCAXExlX2"
        }
      }
    }
  },
  "UserManagement": {
    "1bqtZ74OgPff2MNLgJZeV3Y3wvj1": {
      "bio": "Hey there! I am using E-Meta",
      "date": 1663905546766,
      "subjectList": [
        {
          "courseCode": "",
          "courseTitle": "Functional Arabic"
        },
        {
          "courseCode": "ISL-321",
          "courseTitle": "Islamic Studies/Ethics"
        },
        {
          "courseCode": "CSI-619",
          "courseTitle": "Information Security"
        },
        {
          "courseCode": "CSI-504",
          "courseTitle": "Distributed Database Systems"
        }
      ],
      "userClassOrSemester": "8th Semester",
      "userCollegeOrUniversity": "University",
      "userCollegeOrUniversityName": "GCUF",
      "userCoverImage": "No cover image",
      "userDepartment": "BSCS",
      "userEmail": "ali@gmail.com",
      "userId": "1bqtZ74OgPff2MNLgJZeV3Y3wvj1",
      "userName": "Muhammad Ali",
      "userPassword": "12345678",
      "userProfileImage": "https://firebasestorage.googleapis.com/v0/b/helpingapp-d7dce.appspot.com/o/UserManagement%2FStudent%2F1663905546766?alt=media&token=9ccde5b0-75d5-4475-9e5e-ff9ab99e7c21",
      "userType": "Student"
    },
    "3X7qaYt7qsVrrWgmem6AO7Vqr6w2": {
      "bio": "Hey there! I am using E-Meta",
      "date": 1664272372140,
      "subjectList": [
        {
          "courseCode": "",
          "courseTitle": "Functional Arabic"
        },
        {
          "courseCode": "ISL-321",
          "courseTitle": "Islamic Studies/Ethics"
        },
        {
          "courseCode": "CSI-619",
          "courseTitle": "Information Security"
        },
        {
          "courseCode": "CSI-504",
          "courseTitle": "Distributed Database Systems"
        }
      ],
      "userClassOrSemester": "8th Semester",
      "userCollegeOrUniversity": "University",
      "userCollegeOrUniversityName": "GCUF",
      "userCoverImage": "No cover image",
      "userDepartment": "BSCS",
      "userEmail": "sir@gmwil.com",
      "userId": "3X7qaYt7qsVrrWgmem6AO7Vqr6w2",
      "userName": "Project Sir ",
      "userPassword": "12345678",
      "userProfileImage": "No profile image",
      "userType": "Student"
    },
    "6wVxe3ghrvYXOW80Q7phPyNOMHc2": {
      "bio": "Hey there! I am using E-Meta",
      "date": 1664189928993,
      "subjectList": [
        {
          "courseCode": "",
          "courseTitle": "Functional Arabic"
        },
        {
          "courseCode": "CSI-619",
          "courseTitle": "Information Security"
        },
        {
          "courseCode": "ISL-321",
          "courseTitle": "Islamic Studies/Ethics"
        },
        {
          "courseCode": "CSI-504",
          "courseTitle": "Distributed Database Systems"
        }
      ],
      "userClassOrSemester": "8th Semester",
      "userCollegeOrUniversity": "University",
      "userCollegeOrUniversityName": "GCUF",
      "userCoverImage": "No cover image",
      "userDepartment": "BSCS",
      "userEmail": "saahilzeeshan786@gmail.com",
      "userId": "6wVxe3ghrvYXOW80Q7phPyNOMHc2",
      "userName": "M Zeeshan Baig",
      "userPassword": "123456789",
      "userProfileImage": "https://firebasestorage.googleapis.com/v0/b/helpingapp-d7dce.appspot.com/o/UserManagement%2FStudent%2F1664189928993?alt=media&token=55abaa53-cc06-4dfd-b7f0-4738ac5b328e",
      "userType": "Student"
    },
    "7LqoyfIiRLWyYK4MJqvx0gwSzaz2": {
      "bio": "Hey there! I am using E-Meta",
      "date": 1664192281404,
      "subjectList": [
        {
          "courseCode": "",
          "courseTitle": "Functional Arabic"
        },
        {
          "courseCode": "ISL-321",
          "courseTitle": "Islamic Studies/Ethics"
        },
        {
          "courseCode": "CSI-619",
          "courseTitle": "Information Security"
        },
        {
          "courseCode": "CSI-504",
          "courseTitle": "Distributed Database Systems"
        }
      ],
      "userClassOrSemester": "8th Semester",
      "userCollegeOrUniversity": "University",
      "userCollegeOrUniversityName": "GCUF",
      "userCoverImage": "No cover image",
      "userDepartment": "BSCS",
      "userEmail": "danish@gmail.com",
      "userId": "7LqoyfIiRLWyYK4MJqvx0gwSzaz2",
      "userName": "Danish Mehar ",
      "userPassword": "12345678",
      "userProfileImage": "No profile image",
      "userType": "SVL"
    },
    "AeOvWs7rpia8bbdGr6t4DTqHAPy1": {
      "bio": "Hey there! I am using E-Meta",
      "date": 1664165304576,
      "subjectList": [
        {
          "courseCode": "MTH-323",
          "courseTitle": "Calculus and Analytical Geometry"
        },
        {
          "courseCode": "ECO-408",
          "courseTitle": "Issues in Pakistan Economy"
        },
        {
          "courseCode": "MTH-424",
          "courseTitle": "Linear Algebra"
        },
        {
          "courseCode": "CSI-404",
          "courseTitle": "Theory of Automata"
        },
        {
          "courseCode": "CSI-505",
          "courseTitle": "Compiler Construction"
        }
      ],
      "userClassOrSemester": "6th Semester",
      "userCollegeOrUniversity": "University",
      "userCollegeOrUniversityName": "GCUF",
      "userCoverImage": "No cover image",
      "userDepartment": "BSCS",
      "userEmail": "moaz@gmail.com",
      "userId": "AeOvWs7rpia8bbdGr6t4DTqHAPy1",
      "userName": "Moaz Ahmad ",
      "userPassword": "12345678",
      "userProfileImage": "https://firebasestorage.googleapis.com/v0/b/helpingapp-d7dce.appspot.com/o/UserManagement%2FStudent%2F1664165304576?alt=media&token=c99dc022-3acd-4dea-bebc-672be8a3cf49",
      "userType": "Student"
    },
    "Gkdupj0hMJYGvHJ3sDw38qeT7pI2": {
      "bio": "Hey there! I am using E-Meta",
      "date": 1663946186059,
      "subjectList": [
        {
          "courseCode": "",
          "courseTitle": "Functional Arabic"
        },
        {
          "courseCode": "ISL-321",
          "courseTitle": "Islamic Studies/Ethics"
        },
        {
          "courseCode": "CSI-619",
          "courseTitle": "Information Security"
        },
        {
          "courseCode": "CSI-504",
          "courseTitle": "Distributed Database Systems"
        }
      ],
      "userClassOrSemester": "8th Semester",
      "userCollegeOrUniversity": "University",
      "userCollegeOrUniversityName": "GCUF",
      "userCoverImage": "https://firebasestorage.googleapis.com/v0/b/helpingapp-d7dce.appspot.com/o/UserManagement%2FStudent%2FCover1665230497855?alt=media&token=1cf866bd-3061-454a-a575-080201f47449",
      "userDepartment": "BSCS",
      "userEmail": "meharjunaid49@gmail.com",
      "userId": "Gkdupj0hMJYGvHJ3sDw38qeT7pI2",
      "userName": "Junaid Mehar ",
      "userPassword": "12345678",
      "userProfileImage": "https://firebasestorage.googleapis.com/v0/b/helpingapp-d7dce.appspot.com/o/UserManagement%2FStudent%2Fprofile1665229792344?alt=media&token=74f39d80-8549-49a4-a4a1-9c3b8c7b225f",
      "userType": "Student"
    },
    "Khaqhen8jmS6vKjc4SdG6upG5w32": {
      "bio": "Hey there! I am using E-Meta",
      "date": 1664006630848,
      "userClassOrSemester": "",
      "userCollegeOrUniversity": "",
      "userCollegeOrUniversityName": "",
      "userCoverImage": "https://firebasestorage.googleapis.com/v0/b/helpingapp-d7dce.appspot.com/o/UserManagement%2Fcover%20izrbcCv2qqRVJYKKYytQAV7Iz0G3?alt=media&token=be748309-06a7-40d0-b2f5-328f59adc889",
      "userDepartment": "",
      "userEmail": "instructor@gmail.com",
      "userId": "Khaqhen8jmS6vKjc4SdG6upG5w32",
      "userName": "Instructor ",
      "userPassword": "12345678",
      "userProfileImage": "https://firebasestorage.googleapis.com/v0/b/helpingapp-d7dce.appspot.com/o/UserManagement%2FInstructor%2FProfile1665231521559?alt=media&token=b41bb6eb-a7e8-4357-b95b-afd98f5e3d0b",
      "userType": "Instructor"
    },
    "UctnBg0kusPufZdioYMSCAXExlX2": {
      "bio": "Hey there! I am using E-Meta",
      "date": 1664091465348,
      "subjectList": [
        {
          "courseCode": "",
          "courseTitle": "Functional Arabic"
        },
        {
          "courseCode": "ISL-321",
          "courseTitle": "Islamic Studies/Ethics"
        },
        {
          "courseCode": "CSI-619",
          "courseTitle": "Information Security"
        },
        {
          "courseCode": "CSI-504",
          "courseTitle": "Distributed Database Systems"
        }
      ],
      "userClassOrSemester": "8th Semester",
      "userCollegeOrUniversity": "University",
      "userCollegeOrUniversityName": "GCUF",
      "userCoverImage": "https://firebasestorage.googleapis.com/v0/b/helpingapp-d7dce.appspot.com/o/UserManagement%2FSVL%2FCover1665230581346?alt=media&token=27c1b5dc-53e3-494b-bff7-688251c49925",
      "userDepartment": "BSCS",
      "userEmail": "svl@gmail.com",
      "userId": "UctnBg0kusPufZdioYMSCAXExlX2",
      "userName": "Class SVL",
      "userPassword": "12345678",
      "userProfileImage": "https://firebasestorage.googleapis.com/v0/b/helpingapp-d7dce.appspot.com/o/UserManagement%2FSVL%2FProfile1665230560499?alt=media&token=8952d407-6cdb-489a-9af8-fd97fbebc67f",
      "userType": "SVL"
    },
    "d6bhJs8yNPPHQw8LB1AlZhL43Xp1": {
      "bio": "Hey there! I am using E-Meta",
      "date": 1664190527300,
      "subjectList": [
        {
          "courseCode": "",
          "courseTitle": "Functional Arabic"
        },
        {
          "courseCode": "ISL-321",
          "courseTitle": "Islamic Studies/Ethics"
        },
        {
          "courseCode": "CSI-619",
          "courseTitle": "Information Security"
        },
        {
          "courseCode": "CSI-504",
          "courseTitle": "Distributed Database Systems"
        }
      ],
      "userClassOrSemester": "8th Semester",
      "userCollegeOrUniversity": "University",
      "userCollegeOrUniversityName": "GCUF",
      "userCoverImage": "No cover image",
      "userDepartment": "BSCS",
      "userEmail": "asadmehar4746@gmail.com",
      "userId": "d6bhJs8yNPPHQw8LB1AlZhL43Xp1",
      "userName": "Asad Ur Rehman ",
      "userPassword": "12345678",
      "userProfileImage": "https://firebasestorage.googleapis.com/v0/b/helpingapp-d7dce.appspot.com/o/UserManagement%2FStudent%2F1664190527300?alt=media&token=1365bb1a-e5ae-46bb-8299-acfd68460857",
      "userType": "Student"
    }
  }
}